{
	"name": "World 3",
	"width": 32,
	"height": 10,
	"background-color": [130, 182, 255],
	"background-img": "assets/backgrounds/mountains.png",
	"background-position": "bottom",
	"background-repeat-x": 1,
	"background-fill-y": 1,
	"scenery-img": "assets/backgrounds/forest.png",
	"scenery-position": "bottom",
	"scenery-repeat-x": 1,
	"scenery-fill-y": 1,
	"music": "assets/sounds/theme_of_the wanderer.ogg",
	"start": [4, 8],
	"gravity": 1.0,
	"terminal-velocity": 32,
	"blocks": [[0, 9, "TM"], [1, 9, "TM"], [2, 9, "TM"], [3, 9, "TM"], [4, 9, "TM"],
	           [5, 9, "TM"], [6, 9, "TM"], [7, 9, "TM"], [8, 9, "TM"], [9, 9, "TM"],
						 [10, 9, "TM"], [11, 9, "TM"], [12, 9, "TM"], [13, 9, "TM"], [14, 9, "TM"],
						 [15, 9, "TM"], [16, 9, "TM"], [17, 9, "TM"], [18, 9, "TM"], [19, 9, "TM"],
						 [20, 9, "TM"], [21, 9, "TM"], [22, 9, "TM"], [23, 9, "TM"], [24, 9, "TM"],
						 [25, 9, "TM"], [26, 9, "TM"], [27, 9, "TM"], [28, 9, "TM"], [29, 9, "TM"],
						 [30, 9, "TM"], [31, 9, "TM"],

						 [2, 7, "EL"], [3, 7, "TM"], [4, 7, "ER"],

						 [6, 5, "EL"], [7, 5, "ER"],

						 [12, 7, "LF"], [14, 5, "LF"],

						 [15, 3, "EL"], [16, 3, "TM"], [17, 3, "TM"], [18, 3, "TM"], [19, 3, "ER"], [23, 2, "EL"],[24, 2, "ER"],

		[27, 4, "CN"],[27, 5, "CN"],[27, 6, "CN"], [27, 7, "CN"], [27, 8, "CN"]],
	"bears": [[8, 4], [13, 8]],
	"monsters": [[18, 2]],
  "coins": [[4, 5], [16, 6], [18, 7], [20, 7]],
	"oneups": [[7, 4]],
	"hearts": [[18, 2]],
	"flag": [[31, 8]]
}

